Simulation Duration,Received Current Data,Received Voltage Data,METEOR,Received Humidty Data,Received Wind Speed Data,Received Global Irradiance Data,Up Time,ToCurrent,ToRad,ToHum,ToTemp,ToVoltage,ToWind,wimax,wlan,totalUpload,turbinEthernetDelay,TurbinUploadResponseTime,WCNV,WGEN,WMET,WNAC,WROT,WTOW,WTRF,WTRM,WYAW,WifiYerelUploadTime,wirelessGESDelay,INVERTERAKIMwifiges,INVERTERVOLTAJwifiges,RADYANTISIMAwifiges,RUZGARHIZIwifiges,METEORwifiges,FtpUploadResponseTimesecwifiLoc,WirelessLANDelaysecwifiLoc,TurbinZigBeeApplicationTrafficReceived,TurbinZigBeeApplicationEndtoendDelayseconds,GESYerelZigbee1EndtoendDelayseconds,GESYerelZigBeeApplicationTrafficReceivedbitssec,Senaryo1WimaxDelay,Senaryo1WifiDelay,TrafficReceivedbytessecINVERTERAKIM,TrafficReceivedbytessecINVERTERVOLTAJ,TrafficReceivedbytessecMETEOR,TrafficReceivedbytessecRADYANTISIMA,TrafficReceivedbytessecRUZGARHIZI,TrafficReceivedbytessecWCNV,TrafficReceivedbytessecWGEN,TrafficReceivedbytessecWMET,TrafficReceivedbytessecWNAC,TrafficReceivedbytessecWROT,TrafficReceivedbytessecWTOW,TrafficReceivedbytessecWTRF,TrafficReceivedbytessecWTRM,TrafficReceivedbytessecWYAW,eksen0,eksen1,eksen2,eksen3,eksen4,eksen5,eksen6,eksen7,eksen8,eksen9,eksen10,eksen11,eksen12,eksen13,eksen14,sim1total,Senaryo1uploadResponseTime,Senaryo2UTPEthernet Delay,Senaryo2WimaxDelay,Senaryo2uploadResponseTime,TOTALReceivedAllScenario,fiberdelay,fiberresponse
0,14400,14400,10,2,6,200,0.205060002478,158400,2200,22,22,158400,66,0.044142378613,0.00156077213,0.396894228395,0.000534719922,0.214085000171,15004,14004,8000,11008,12010,2006,8006,12016,6004,0.205060002478,0.034363801078,14400,14400,200,6,10,0.137755401993,0.006339924444,26106,1,1,18000,0.047918562817,0.000458066029,72000,72000,500,1000,2,75020,70020,40000,66048,60050,12036,48036,72096,36024,0.1,0.2,0.3,0.4,0.5,0.6,0.7,0.8,0.9,1,1.1,1.2,1.3,1.4,1.5,702228,0.489951549577,0.00016009536,0.046873590147,0.450845622553,684460,0.000048990491,0.122582571415233
6,14400,14400,10,2,6,200,0.17726942722,158400,2200,22,22,158400,66,0.044203344723,0.001510889274,0.396487080056,0.00052258707,0.014388613364,15004,14004,8000,11008,12010,2006,8006,12016,6004,0.149478851961,0.028156737287,14400,14400,200,6,10,0.062596606649,0.006306349648,60456,2,2,23420,0.048275264672,0.00043553976,72000,72000,500,1000,29,75020,70020,40000,66048,60050,12036,48036,72096,36024,0.1,0.2,0.3,0.4,0.5,0.6,0.7,0.8,0.9,1,1.1,1.2,1.3,1.4,1.5,702228,0.475950308675,0.000151539328,0.049966201353,0.425295068267,684460,0.000065997437,0.113508784423098
12,14400,14400,10,2,6,200,0.16681578192,158400,2200,22,22,158400,66,0.044178440993,0.001518517182,0.396997017394,0.000522511767,0.01438685369,15004,14004,8000,11008,12010,2006,8006,12016,6004,0.145908491322,0.027577129212,14400,14400,200,6,10,0.126774455191,0.00622283762,85914,4,6,27285,0.048478540113,0.000424039741,72000,72000,500,1000,30,75020,70020,40000,66048,60050,12036,48036,72096,36024,0.1,0.2,0.3,0.4,0.5,0.6,0.7,0.8,0.9,1,1.1,1.2,1.3,1.4,1.5,702228,0.474274914951,0.000149954138,0.05048282579,0.422912400451,684460,0.000079423403,0.104434997430963
18,14400,14400,10,2,6,200,0.162510721031,158400,2200,22,22,158400,66,0.044130271847,0.001536200352,0.396984033698,0.000522585027,0.014388618326,15004,14004,8000,11008,12010,2006,8006,12016,6004,0.149595538362,0.028475620474,14400,14400,200,6,10,0.061343862539,0.005953685365,88585,8,11,27801,0.048574366349,0.000417430924,72000,72000,500,1000,30,75020,70020,40000,66048,60050,12036,48036,72096,36024,0.1,0.2,0.3,0.4,0.5,0.6,0.7,0.8,0.9,1,1.1,1.2,1.3,1.4,1.5,702228,0.474505139927,0.000149886105,0.050492270066,0.422885153991,684460,0.000084430466,0.0867932364292
24,14400,14400,10,2,6,200,0.15990615235,158400,2200,22,22,158400,66,0.04412246218,0.001537206263,0.396984177818,0.000522586599,0.014388623344,15004,14004,8000,11008,12010,2006,8006,12016,6004,0.149487877628,0.028325304074,14400,14400,200,6,10,0.063543389749,0.006292645076,88127,2,15,27414,0.04862208526,0.000416291761,72000,72000,500,1000,30,75020,70020,40000,66048,72060,12036,48036,72096,36024,0.1,0.2,0.3,0.4,0.5,0.6,0.7,0.8,0.9,1,1.1,1.2,1.3,1.4,1.5,702228,0.47449182151,0.000149961724,0.050489180243,0.422556163427,684460,0.000075575865,0.10342337146595
30,14400,14400,10,2,6,200,0.157846238262,158400,2200,22,22,158400,66,0.044142491924,0.001533413416,0.397072446138,0.00052258497,0.014388600071,15004,14004,8000,11008,12010,2006,8006,12016,6004,0.147546667819,0.027939111568,14400,14400,200,6,10,0.062024606105,0.006102168615,89997,14,20,26899,0.048672594715,0.000409805739,72000,72000,500,1000,30,75020,70020,40000,66048,72060,12036,48036,72096,36024,0.1,0.2,0.3,0.4,0.5,0.6,0.7,0.8,0.9,1,1.1,1.2,1.3,1.4,1.5,702228,0.474783955481,0.000149901933,0.050617026551,0.42323501601,684460,0.000073119849,0.06864566244493
36,14400,14400,10,2,6,200,0.156541770351,158400,2200,22,22,158400,66,0.044138927603,0.001540452113,0.396988144882,0.000522511826,0.014386883433,15004,14004,8000,11008,12010,2006,8006,12016,6004,0.148714962885,0.027458458456,14400,14400,200,6,10,0.06197031916,0.006058201496,85914,2,22,27156,0.048700080978,0.000407839945,72000,72000,500,1000,30,75020,70020,40000,66048,72060,12036,48036,72096,36024,0.1,0.2,0.3,0.4,0.5,0.6,0.7,0.8,0.9,1,1.1,1.2,1.3,1.4,1.5,702228,0.47496426691,0.00014981305,0.050599138563,0.422803394551,684460,0.000071350351,0.068181598458
42,14400,14400,10,2,6,200,0.155822200694,158400,2200,22,22,158400,66,0.044161981505,0.001537317236,0.397060767424,0.000522586302,0.014388623966,15004,14004,8000,11008,12010,2006,8006,12016,6004,0.1507852131,0.028707641149,14400,14400,200,6,10,0.061121595315,0.006029004138,86448,20,25,27350,0.048719274969,0.000407498844,72000,72000,500,1000,30,75020,70020,40000,66048,72060,12036,48036,72096,36024,0.1,0.2,0.3,0.4,0.5,0.6,0.7,0.8,0.9,1,1.1,1.2,1.3,1.4,1.5,702228,0.474378344784,0.000149994511,0.050497775105,0.42272920056,684460,0.00007169677,0.068135094137
48,14400,14400,10,2,6,200,0.155196145916,158400,2200,22,22,158400,66,0.044167947671,0.00153643566,0.397060348004,0.000522585173,0.01438861492,15004,14004,8000,11008,12010,2006,8006,12016,6004,0.150187707689,0.028809368652,14400,14400,200,6,10,0.06081827252,0.005950943885,85494,24,26,28123,0.048734637483,0.000406259928,72000,72000,500,1000,30,75020,70020,40000,66048,72060,12036,48036,72096,36024,0.1,0.2,0.3,0.4,0.5,0.6,0.7,0.8,0.9,1,1.1,1.2,1.3,1.4,1.5,702228,0.474707889064,0.00014999257,0.050555644003,0.422758904754,684460,0.000071548122,0.068081247969
54,14400,14400,10,2,6,200,0.154934729969,158400,2200,22,22,158400,66,0.044186182746,0.001539096634,0.397131177547,0.000522585479,0.014388634479,15004,14004,8000,11008,12010,2006,8006,12016,6004,0.152581986447,0.028727255657,14400,14400,200,6,10,0.125553310933,0.005904569672,88127,27,3,27478,0.048747825986,0.000406340852,72000,72000,500,1000,30,75020,70020,40000,66048,72060,12036,48036,72096,36024,0.1,0.2,0.3,0.4,0.5,0.6,0.7,0.8,0.9,1,1.1,1.2,1.3,1.4,1.5,702228,0.474686107927,0.000149942181,0.050553646923,0.422792923074,684460,0.000071243368,0.068160331791
60,14400,14400,10,2,6,200,0.154341295561,158400,2200,22,22,158400,66,0.044188852947,0.001534701292,0.397103955138,0.000522438062,0.01438512584,15004,14004,8000,11008,12010,2006,8006,12016,6004,0.148406951475,0.028425737519,14400,14400,200,6,10,0.125583071209,0.005853625231,86715,30,31,25997,0.048757448316,0.000408634509,72000,72000,500,1000,30,75020,70020,40000,66048,72060,12036,48036,72096,36024,0.1,0.2,0.3,0.4,0.5,0.6,0.7,0.8,0.9,1,1.1,1.2,1.3,1.4,1.5,702228,0.474922977046,0.000149878842,0.050627025514,0.423157080151,684460,0.000071407301,0.068110891657
66,14400,14400,10,2,6,200,0.153533349331,158400,2200,22,22,158400,66,0.044188885109,0.001529505707,0.397095688977,0.000522585071,0.014388631432,15004,14004,8000,11008,12010,2006,8006,12016,6004,0.144645940805,0.027428043627,14400,14400,200,6,10,0.184639301703,0.005959038175,86486,33,36,28542,0.048762373229,0.000407869202,72000,72000,500,1000,30,75020,70020,40000,66048,72060,12036,48036,72096,36024,0.1,0.2,0.3,0.4,0.5,0.6,0.7,0.8,0.9,1,1.1,1.2,1.3,1.4,1.5,702228,0.47468476032,0.000149934815,0.050557235262,0.422368444621,684460,0.000071321964,0.068112815542
72,14400,14400,10,2,6,200,0.153019229508,158400,2200,22,22,158400,66,0.04418772095,0.001532575976,0.397088494821,0.000522585529,0.014388628784,15004,14004,8000,11008,12010,2006,8006,12016,6004,0.146849791638,0.028248736167,14400,14400,200,6,10,0.126457966474,0.005914401246,87746,37,40,28445,0.04877011538,0.00040870247,72000,72000,500,1000,30,75020,70020,40000,66048,72060,12036,48036,72096,36024,0.1,0.2,0.3,0.4,0.5,0.6,0.7,0.8,0.9,1,1.1,1.2,1.3,1.4,1.5,702228,0.474669867777,0.000149956277,0.050543472976,0.423015416961,684460,0.000071586481,0.068145279485
78,14400,14400,10,2,6,200,0.153358376309,158400,2200,22,22,158400,66,0.044183774154,0.001528525588,0.397082426273,0.00052258556,0.014388623249,15004,14004,8000,11008,12010,2006,8006,12016,6004,0.157767284721,0.028164759244,14400,14400,200,6,10,0.12527691437,0.006138826269,86333,4,45,28960,0.048776335382,0.000408230002,72000,72000,500,1000,30,75020,70020,40000,66048,72060,12036,48036,72096,36024,0.1,0.2,0.3,0.4,0.5,0.6,0.7,0.8,0.9,1,1.1,1.2,1.3,1.4,1.5,702228,0.474910629272,0.000149963033,0.050612111425,0.422907777826,684460,0.000071271229,0.067993556258
84,14400,14400,10,2,6,200,0.153039381686,158400,2200,22,22,158400,66,0.044181085147,0.001526326909,0.397086135939,0.000522584712,0.014388625775,15004,14004,8000,11008,12010,2006,8006,12016,6004,0.148573456955,0.028441396187,14400,14280,200,6,10,0.063169193672,0.006382378698,90532,5,47,28799,0.048777578866,0.00040956129,72000,72000,500,1000,30,75020,70020,40000,66048,72060,12036,48036,72096,36024,0.1,0.2,0.3,0.4,0.5,0.6,0.7,0.8,0.9,1,1.1,1.2,1.3,1.4,1.5,702228,0.474617373394,0.000149934754,0.050529105516,0.422557658849,684460,0.000071556687,0.068091193288
90,14400,14400,10,2,6,200,0.153468539741,158400,2200,22,22,158400,66,0.044181884069,0.001527529476,0.397085780613,0.000522584675,0.014388618563,15004,14004,8000,11008,12010,2006,8006,12016,6004,0.159905910576,0.028554040708,14400,14520,200,6,10,0.125678823856,0.006091422085,88089,46,50,27060,0.048780296076,0.00041073328,72000,72000,500,1000,30,75020,70020,40000,66048,72060,12036,48036,72096,36024,0.1,0.2,0.3,0.4,0.5,0.6,0.7,0.8,0.9,1,1.1,1.2,1.3,1.4,1.5,702228,0.474546928272,0.000149901582,0.0505229627,0.422720339712,684460,0.000071624742,0.068062298503
96,14400,14400,10,2,6,200,0.153349466736,158400,2200,22,22,158400,66,0.044177994247,0.001528631495,0.397112275882,0.000522585807,0.014388621199,15004,14004,8000,11008,12010,2006,8006,12016,6004,0.151444298651,0.028584522897,14400,14400,200,6,10,0.126132186179,0.005928096924,86639,49,55,25868,0.048783286576,0.000409620107,72000,72000,500,1000,30,75020,70020,40000,66048,72060,12036,48036,72096,36024,0.1,0.2,0.3,0.4,0.5,0.6,0.7,0.8,0.9,1,1.1,1.2,1.3,1.4,1.5,702228,0.474720894297,0.000149962144,0.050575861845,0.422483385182,684460,0.000071462042,0.068117166841
102,14400,14400,10,2,6,200,0.153074504603,158400,2200,22,22,158400,66,0.04417509246,0.001529093568,0.397089717878,0.000522584377,0.014388613189,15004,14004,8000,11008,12010,2006,8006,12016,6004,0.148400148332,0.027978684367,14400,14400,200,6,10,0.061927131029,0.006227241489,85799,53,55,25900,0.048786234672,0.000409116877,72000,72000,500,1000,30,75020,70020,40000,66048,72060,12036,48036,72096,36024,0.1,0.2,0.3,0.4,0.5,0.6,0.7,0.8,0.9,1,1.1,1.2,1.3,1.4,1.5,702228,0.474897035761,0.000149878806,0.050611739572,0.422572006051,684460,0.000071395193,0.068107956049
108,14400,14400,10,2,6,200,0.152759188199,158400,2200,22,22,158400,66,0.044173771443,0.001528997818,0.397125125364,0.00052258637,0.014388623474,15004,14004,8000,11008,12010,2006,8006,12016,6004,0.14708349293,0.028066594222,14400,14400,200,6,10,0.126344042421,0.006178128488,85799,56,6,27092,0.048791376237,0.00040768048,72000,72000,500,1000,30,75020,70020,40000,66048,72060,12036,48036,72096,36024,0.1,0.2,0.3,0.4,0.5,0.6,0.7,0.8,0.9,1,1.1,1.2,1.3,1.4,1.5,702228,0.474863103094,0.00014991642,0.050581226248,0.422927210691,684460,0.000071388131,0.068224108071
114,14400,14400,10,2,6,200,0.152626218723,158400,2200,22,22,158400,66,0.044177860204,0.00152687344,0.397148593704,0.000522584453,0.014388604541,15004,14004,8000,11008,12010,2006,8006,12016,6004,0.150099798687,0.02843445229,14400,14400,200,6,10,0.063113055706,0.006337360603,88089,59,66,27672,0.048791250188,0.000407968645,72000,72000,500,1000,30,75020,70020,40000,66048,72060,12036,48036,72096,36024,0.1,0.2,0.3,0.4,0.5,0.6,0.7,0.8,0.9,1,1.1,1.2,1.3,1.4,1.5,702228,0.474577132537,0.00014998682,0.050554856232,0.422004815973,684460,0.000071344552,0.068079410499
120,14400,14400,10,2,6,200,0.152563498328,158400,2200,22,22,158400,66,0.044172439663,0.00152854983,0.397150751785,0.000522584487,0.014388652531,15004,14004,8000,11008,12010,2006,8006,12016,6004,0.151309090419,0.028738961498,14400,14400,200,6,10,0.144884535059,0.006417466702,88242,62,69,25739,0.048792697828,0.000407007277,72000,72000,500,1000,30,75020,70020,40000,66048,72060,12036,48036,72096,36024,0.1,0.2,0.3,0.4,0.5,0.6,0.7,0.8,0.9,1,1.1,1.2,1.3,1.4,1.5,702228,0.474403157498,0.000149910618,0.050463860841,0.422387186847,684460,0.000071451858,0.068116359946
126,14400,14400,10,2,6,200,0.152801737649,158400,2200,22,22,158400,66,0.044172198872,0.001526600333,0.397174758943,0.000522513041,0.014386878865,15004,14004,8000,11008,12010,2006,8006,12016,6004,0.157804763405,0.02792711281,14400,14400,200,6,10,0.062427024096,0.00633449974,87860,65,74,25932,0.048794420727,0.000406359235,72000,72000,500,1000,30,75020,70020,40000,66048,72060,12036,48036,72096,36024,0.1,0.2,0.3,0.4,0.5,0.6,0.7,0.8,0.9,1,1.1,1.2,1.3,1.4,1.5,702228,0.474814657767,0.00014995478,0.05059389999,0.42245758329,684460,0.000071346515,0.068014808967
132,14400,14400,10,2,6,200,0.152590274488,158400,2200,22,22,158400,66,0.044173707367,0.001527955589,0.397192904466,0.00052258557,0.014388608135,15004,14004,8000,11008,12010,2006,8006,12016,6004,0.14793808493,0.028079790913,14400,14400,200,6,10,0.062265485423,0.006174696288,87173,69,9,28542,0.048795090849,0.000406321569,72000,72000,500,1000,30,75020,70020,40000,66048,72060,12036,48036,72096,36024,0.1,0.2,0.3,0.4,0.5,0.6,0.7,0.8,0.9,1,1.1,1.2,1.3,1.4,1.5,702228,0.474899389248,0.000149936837,0.050611866156,0.422346214182,684460,0.000071483995,0.068042861278
138,14400,14400,10,2,6,200,0.152403600577,158400,2200,22,22,158400,66,0.04417586633,0.001528722635,0.397199852384,0.000522584449,0.014388620348,15004,14004,8000,11008,12010,2006,8006,12016,6004,0.148110100641,0.027949509522,14400,14400,200,6,10,0.061283901823,0.005998117797,86906,72,86,27060,0.048796283325,0.000405872832,72000,72000,500,1000,30,75020,70020,40000,66048,72060,12036,48036,72096,36024,0.1,0.2,0.3,0.4,0.5,0.6,0.7,0.8,0.9,1,1.1,1.2,1.3,1.4,1.5,702228,0.474849811037,0.000149901422,0.050552124364,0.422466470819,684460,0.000071216852,0.068099848566
144,14400,14400,10,2,6,200,0.152256607545,158400,2200,22,22,158400,66,0.044174024309,0.001530680267,0.397201603516,0.000522586003,0.014388622599,15004,14004,8000,11008,12010,2006,8006,12016,6004,0.148728774766,0.028260393241,14400,14400,200,6,10,0.061872789602,0.006274921844,87440,8,92,25481,0.048796812598,0.000406021082,72000,72000,500,1000,30,75020,70020,40000,66048,72060,12036,48036,72096,36024,0.1,0.2,0.3,0.4,0.5,0.6,0.7,0.8,0.9,1,1.1,1.2,1.3,1.4,1.5,702228,0.474723054911,0.000149989451,0.050561901891,0.422357104696,684460,0.000071124805,0.068176996488
150,14400,14400,10,2,6,200,0.152097145081,158400,2200,22,22,158400,66,0.044167422389,0.00153026798,0.397185308369,0.000522439098,0.014385119183,15004,14004,8000,11008,12010,2006,8006,12016,6004,0.148110583492,0.027714681775,14400,14400,200,6,10,0.203615981856,0.00591009671,86333,79,86,25997,0.048798443757,0.000406221327,72000,72000,500,1000,30,75020,70020,40000,66048,72060,12036,48036,72096,36024,0.1,0.2,0.3,0.4,0.5,0.6,0.7,0.8,0.9,1,1.1,1.2,1.3,1.4,1.5,702228,0.474395198716,0.000150001728,0.050488658569,0.42252505122,684460,0.000071578347,0.067976455592
156,14400,14400,10,2,6,200,0.151977767466,158400,2200,22,22,158400,66,0.044168743096,0.001528198932,0.397173292743,0.000522585082,0.014388609049,15004,14004,8000,11008,12010,2006,8006,12016,6004,0.148873949481,0.02797716212,14400,14400,200,6,10,0.063348141591,0.006382630278,85456,82,93,28316,0.048801034842,0.000406209021,72000,72000,500,1000,30,75020,70020,40000,66048,72060,12036,48036,72096,36024,0.1,0.2,0.3,0.4,0.5,0.6,0.7,0.8,0.9,1,1.1,1.2,1.3,1.4,1.5,702228,0.474749249045,0.000149956929,0.050546922405,0.423111032183,684460,0.0000716586,0.068042428762
162,14400,14400,10,2,6,200,0.151821303438,158400,2200,22,22,158400,66,0.044166077114,0.001528356813,0.397191174577,0.000522585128,0.014388587294,15004,14004,8000,11008,12010,2006,8006,12016,6004,0.147596774656,0.028112508339,14400,14400,200,6,10,0.18807341016,0.005830042357,86639,85,100,26705,0.048801658516,0.000407119032,72000,72000,500,1000,30,75020,70020,40000,66048,72060,12036,48036,72096,36024,0.1,0.2,0.3,0.4,0.5,0.6,0.7,0.8,0.9,1,1.1,1.2,1.3,1.4,1.5,702228,0.474323929466,0.000149971413,0.050479142697,0.422634268487,684460,0.000071581044,0.06810090255
168,14400,14400,10,2,6,200,0.151679052534,158400,2200,22,22,158400,66,0.044162492342,0.001526015341,0.397156640538,0.000522585041,0.014388619457,15004,14004,8000,11008,12010,2006,8006,12016,6004,0.147696027248,0.027764855342,14400,14400,200,6,10,0.060117947237,0.005827010577,86104,88,102,28606,0.048801260119,0.000407305593,72000,72000,500,1000,30,75020,70020,40000,66048,72060,12036,48036,72096,36024,0.1,0.2,0.3,0.4,0.5,0.6,0.7,0.8,0.9,1,1.1,1.2,1.3,1.4,1.5,702228,0.474624617677,0.000149905726,0.050543205047,0.422327859836,684460,0.000071582408,0.068020754116
174,14400,14400,10,2,6,200,0.151551282171,158400,2200,22,22,158400,66,0.04416204269,0.001526883549,0.397118947914,0.000522585058,0.014388608762,15004,14004,8000,11008,12010,2006,8006,12016,6004,0.147845941631,0.027714727804,14400,14400,200,6,10,0.146326011523,0.006279502153,90913,91,106,27446,0.048804090928,0.000406914049,72000,72000,500,1000,30,75020,70020,40000,66048,72060,12036,48036,72096,36024,0.1,0.2,0.3,0.4,0.5,0.6,0.7,0.8,0.9,1,1.1,1.2,1.3,1.4,1.5,702228,0.474799218402,0.000149951402,0.050571355406,0.423008127485,684460,0.000071177814,0.068118360253
180,14400,14400,10,2,6,200,0.151477527678,158400,2200,22,22,158400,66,0.044164831214,0.001526235202,0.397127679737,0.000522584529,0.014388622855,15004,14004,8000,11008,12010,2006,8006,12016,6004,0.149264892876,0.028389837316,14400,14400,200,6,10,0.303530153668,0.005892380386,84311,95,116,27446,0.048805033867,0.00040679318,72000,72000,500,1000,30,75020,70020,40000,66048,72060,12036,48036,72096,36024,0.1,0.2,0.3,0.4,0.5,0.6,0.7,0.8,0.9,1,1.1,1.2,1.3,1.4,1.5,702228,0.474652771354,0.000149908725,0.050542245032,0.422604892042,684460,0.000071235145,0.068115802235
186,14400,14400,10,2,6,200,0.151337780524,158400,2200,22,22,158400,66,0.044163539652,0.001528553473,0.397110989518,0.000522585883,0.014388627179,15004,14004,8000,11008,12010,2006,8006,12016,6004,0.147005618756,0.027962941128,14400,14400,200,6,10,0.063338534092,0.0063665007,85494,10,12,26641,0.048806769942,0.000405916695,72000,72000,500,1000,30,75020,70020,40000,66048,72060,12036,48036,72096,36024,0.1,0.2,0.3,0.4,0.5,0.6,0.7,0.8,0.9,1,1.1,1.2,1.3,1.4,1.5,702228,0.474628210831,0.000149938161,0.050550688709,0.422670701381,684460,0.000071670275,0.068062686928
192,14400,14400,10,2,6,200,0.151222404112,158400,2200,22,22,158400,66,0.044163418638,0.001528704801,0.397105474101,0.000522585391,0.014388600596,15004,14004,8000,11008,12010,2006,8006,12016,6004,0.147530358927,0.027866020934,14400,14400,200,6,10,0.208316902876,0.006113039202,84998,101,126,26512,0.048807172915,0.000407040595,72000,72000,500,1000,30,75020,70020,40000,66048,72060,12036,48036,72096,36024,0.1,0.2,0.3,0.4,0.5,0.6,0.7,0.8,0.9,1,1.1,1.2,1.3,1.4,1.5,702228,0.474487912967,0.000149934577,0.050494158486,0.422885704183,684460,0.000071555512,0.068032670682
198,14400,14400,10,2,6,200,0.151084204236,158400,2200,22,22,158400,66,0.044162719135,0.001528614482,0.397107398625,0.000522585641,0.014388645409,15004,14004,8000,11008,12010,2006,8006,12016,6004,0.146523608336,0.027856634952,14400,14400,200,6,10,0.064441761672,0.006489647074,88165,104,130,28445,0.048808392586,0.000407340396,72000,72000,500,1000,30,75020,70020,40000,66048,72060,12036,48036,72096,36024,0.1,0.2,0.3,0.4,0.5,0.6,0.7,0.8,0.9,1,1.1,1.2,1.3,1.4,1.5,702228,0.474714364431,0.000149943985,0.050562222532,0.42281223008,684460,0.000071318279,0.068100473457
204,14400,14400,10,2,6,200,0.151284778815,158400,2200,22,22,158400,66,0.044165831188,0.0015278244,0.397092094908,0.000522585012,0.014388611947,15004,14004,8000,11008,12010,2006,8006,12016,6004,0.158104314494,0.028152239016,14400,14400,200,6,10,0.063088541554,0.006375431945,85494,108,136,28380,0.048812324386,0.000406819256,72000,72000,500,1000,30,75020,70020,40000,66048,72060,12036,48036,72096,36024,0.1,0.2,0.3,0.4,0.5,0.6,0.7,0.8,0.9,1,1.1,1.2,1.3,1.4,1.5,702228,0.474959387654,0.000149931892,0.050621881228,0.423600976646,684460,0.000071244657,0.067998625138
210,14400,14400,10,2,6,200,0.151839426448,158400,2200,22,22,158400,66,0.044164692207,0.001526012741,0.39709764529,0.000522585006,0.014388620926,15004,14004,8000,11008,12010,2006,8006,12016,6004,0.171252093623,0.028304645101,14280,14400,200,6,10,0.064080659678,0.006516408823,87173,111,139,29379,0.048814408491,0.000406716969,72000,72000,500,1000,30,75020,70020,40000,66048,72060,12036,48036,72096,36024,0.1,0.2,0.3,0.4,0.5,0.6,0.7,0.8,0.9,1,1.1,1.2,1.3,1.4,1.5,702228,0.474952692244,0.000149962926,0.050594210839,0.423231392578,684460,0.00007136181,0.068144253674
216,14400,14400,10,2,6,200,0.152289129357,158400,2200,22,22,158400,66,0.044167472357,0.001525589733,0.397107870193,0.000522584948,0.014388620627,15004,14004,8000,11008,12010,2006,8006,12016,6004,0.168478434084,0.027590181115,14520,14400,200,6,10,0.061472696508,0.006146717799,86715,114,148,26319,0.048815275713,0.000407648557,72000,72000,500,1000,30,75020,70020,40000,66048,72060,12036,48036,72096,36024,0.1,0.2,0.3,0.4,0.5,0.6,0.7,0.8,0.9,1,1.1,1.2,1.3,1.4,1.5,702228,0.474597961865,0.000149939865,0.050564674646,0.422753824513,684460,0.000071122235,0.068097751556
222,14400,14400,10,2,6,200,0.15220728598,158400,2200,22,22,158400,66,0.044168961619,0.001524983933,0.397123271758,0.000522583823,0.014388622907,15004,14004,8000,11008,12010,2006,8006,12016,6004,0.149179081025,0.028555272922,14400,14400,200,6,10,0.062354626604,0.006320773773,86791,117,16,28638,0.04881668043,0.00040741583,72000,72000,500,1000,30,75020,70020,40000,66048,72060,12036,48036,72096,36024,0.1,0.2,0.3,0.4,0.5,0.6,0.7,0.8,0.9,1,1.1,1.2,1.3,1.4,1.5,702228,0.474665686639,0.000149936149,0.050551041904,0.422790839757,684460,0.000071487995,0.06809532741
228,14400,14400,10,2,6,200,0.152111013043,158400,2200,22,22,158400,66,0.044169613896,0.00152732542,0.397122889175,0.000522586456,0.014388606024,15004,14004,8000,11008,12010,2006,8006,12016,6004,0.148452641423,0.028387906297,14400,14400,200,6,10,0.062034303984,0.006222745491,87860,120,145,28542,0.048818055246,0.000406841865,72000,72000,500,1000,30,75020,70020,40000,66048,72060,12036,48036,72096,36024,0.1,0.2,0.3,0.4,0.5,0.6,0.7,0.8,0.9,1,1.1,1.2,1.3,1.4,1.5,702228,0.474979473121,0.000149950332,0.050620956667,0.422966050839,684460,0.000071797659,0.06809974353
234,14400,14400,10,2,6,200,0.15197134415,158400,2200,22,22,158400,66,0.044166250621,0.001526350971,0.397129476706,0.000522585806,0.014388629101,15004,14004,8000,11008,12010,2006,8006,12016,6004,0.146524257343,0.027714497953,14280,14280,200,6,10,0.145198708784,0.006065133731,88891,123,146,25642,0.048817078687,0.000406732348,72000,72000,500,1000,30,75020,70020,40000,66048,72060,12036,48036,72096,36024,0.1,0.2,0.3,0.4,0.5,0.6,0.7,0.8,0.9,1,1.1,1.2,1.3,1.4,1.5,702228,0.474404020816,0.000149970784,0.050530601602,0.421893266216,684460,0.000071492218,0.068125351277
240,14400,14400,10,2,6,200,0.152644258094,158400,2200,22,22,158400,66,0.044165274089,0.001525816384,0.397132500553,0.000522511554,0.014386879723,15004,14004,8000,11008,12010,2006,8006,12016,6004,0.17956081585,0.028032432665,14520,14520,200,6,10,0.222413649223,0.006225361536,89959,126,145,25481,0.048819097779,0.000406271362,72000,72000,500,1000,30,75020,70020,40000,66048,72060,12036,48036,72096,36024,0.1,0.2,0.3,0.4,0.5,0.6,0.7,0.8,0.9,1,1.1,1.2,1.3,1.4,1.5,702228,0.474871347491,0.000149919347,0.050597082689,0.423154475501,684460,0.000071345111,0.06816592569
246,14400,14400,10,2,6,200,0.152539234103,158400,2200,22,22,158400,66,0.044166593905,0.001525975241,0.397128146475,0.00052251156,0.014386883954,15004,14004,8000,11008,12010,2006,8006,12016,6004,0.148233250444,0.028258072882,14400,14400,200,6,10,0.06134427319,0.006156144785,87173,130,143,26866,0.048820383867,0.00040595205,72000,72000,500,1000,30,75020,70020,40000,66048,72060,12036,48036,72096,36024,0.1,0.2,0.3,0.4,0.5,0.6,0.7,0.8,0.9,1,1.1,1.2,1.3,1.4,1.5,702228,0.474584521453,0.000149879015,0.05053668179,0.422787285044,684460,0.000071522951,0.06818535018
252,14400,14400,10,2,6,200,0.152459234194,158400,2200,22,22,158400,66,0.044167943122,0.001526372859,0.397141033347,0.000522511719,0.014386872533,15004,14004,8000,11008,12010,2006,8006,12016,6004,0.149099238019,0.028328037403,14400,14400,200,6,10,0.060903970581,0.005943221373,88471,133,16,25320,0.048820707616,0.000405451738,72000,72000,500,1000,30,75020,70020,40000,66048,72060,12036,48036,72096,36024,0.1,0.2,0.3,0.4,0.5,0.6,0.7,0.8,0.9,1,1.1,1.2,1.3,1.4,1.5,702228,0.474930328384,0.000149958249,0.050607906879,0.42234287955,684460,0.000071575821,0.068051129226
258,14400,14400,10,2,6,200,0.152387332002,158400,2200,22,22,158400,66,0.044168738671,0.001526014879,0.397154007951,0.000522583996,0.014388611472,15004,14004,8000,11008,12010,2006,8006,12016,6004,0.14929553775,0.028518198682,14400,14400,200,6,10,0.061410198413,0.006047767579,85990,137,160,22775,0.048821456318,0.000405522811,72000,72000,500,1000,30,75020,70020,40000,66048,72060,12036,48036,72096,36024,0.1,0.2,0.3,0.4,0.5,0.6,0.7,0.8,0.9,1,1.1,1.2,1.3,1.4,1.5,702228,0.474810324001,0.000149944391,0.050563696752,0.422810483667,684460,0.000071584079,0.067936865107
264,14400,14400,10,2,6,200,0.152292274026,158400,2200,22,22,158400,66,0.044167169189,0.001526202608,0.397153827365,0.000522585046,0.01438860092,15004,14004,8000,11008,12010,2006,8006,12016,6004,0.148109723075,0.028186740782,14400,14400,200,6,10,0.187404997167,0.006219906116,84578,140,159,27253,0.048822422472,0.00040528148,72000,72000,500,1000,30,75020,70020,40000,66048,72060,12036,48036,72096,36024,0.1,0.2,0.3,0.4,0.5,0.6,0.7,0.8,0.9,1,1.1,1.2,1.3,1.4,1.5,702228,0.474354434056,0.000149963197,0.050454971754,0.422729570293,684460,0.000071513154,0.068128432282
270,14400,14400,10,2,6,200,0.152412651153,158400,2200,22,22,158400,66,0.044164003631,0.001527835597,0.397147588117,0.000522586717,0.01438862615,15004,14004,8000,11008,12010,2006,8006,12016,6004,0.157829621868,0.027867678019,14400,14400,200,6,10,0.119956497068,0.00595542644,86524,143,167,24901,0.048822038289,0.000405088218,72000,72000,500,1000,30,75020,70020,40000,66048,72060,12036,48036,72096,36024,0.1,0.2,0.3,0.4,0.5,0.6,0.7,0.8,0.9,1,1.1,1.2,1.3,1.4,1.5,702228,0.475280225355,0.000149848549,0.05065589249,0.4221451051,684460,0.000071461026,0.068092233098
276,14400,14400,10,2,6,200,0.152377321955,158400,2200,22,22,158400,66,0.04416496876,0.001529870947,0.397158117545,0.000522584906,0.014388635184,15004,14004,8000,11008,12010,2006,8006,12016,6004,0.150752178872,0.02877845255,14400,14400,200,6,10,0.204661861041,0.005976845008,87059,146,174,29862,0.048822023901,0.000405426155,72000,72000,500,1000,30,75020,70020,40000,66048,72060,12036,48036,72096,36024,0.1,0.2,0.3,0.4,0.5,0.6,0.7,0.8,0.9,1,1.1,1.2,1.3,1.4,1.5,702228,0.474560605956,0.000149892547,0.050492533775,0.422703234933,684460,0.00007166494,0.068246464503
282,14400,14400,10,2,6,200,0.152496833061,158400,2200,22,22,158400,66,0.044163633128,0.00152893943,0.397146499539,0.000522584848,0.014388600663,15004,14004,8000,11008,12010,2006,8006,12016,6004,0.158113855019,0.028096014888,14400,14280,200,6,10,0.061524434874,0.006111075007,85875,149,182,27414,0.048822167512,0.000405852714,72000,72000,500,1000,30,75020,70020,40000,66048,72060,12036,48036,72096,36024,0.1,0.2,0.3,0.4,0.5,0.6,0.7,0.8,0.9,1,1.1,1.2,1.3,1.4,1.5,702228,0.47465626536,0.000149892853,0.050554937971,0.422820220081,684460,0.000071406629,0.068212472447
288,14400,14400,10,2,6,200,0.152653744708,158400,2200,22,22,158400,66,0.04416184286,0.001528428868,0.397155227898,0.000522586223,0.01438864565,15004,14004,8000,11008,12010,2006,8006,12016,6004,0.160185503773,0.028398787787,14400,14520,200,6,10,0.127200405373,0.006221849316,87478,153,184,24901,0.048822155495,0.000405817688,72000,72000,500,1000,30,75020,70020,40000,66048,72060,12036,48036,72096,36024,0.1,0.2,0.3,0.4,0.5,0.6,0.7,0.8,0.9,1,1.1,1.2,1.3,1.4,1.5,702228,0.474812625533,0.000149930547,0.050557173117,0.422525459151,684460,0.000071288645,0.068118764259
294,14400,14400,10,2,6,200,0.152626987724,158400,2200,22,22,158400,66,0.044164235416,0.001529002802,0.397155163713,0.00052251172,0.014386879121,15004,14004,8000,11008,12010,2006,8006,12016,6004,0.151315895516,0.028893092174,14400,14400,200,6,10,0.124983604826,0.00568611477,88509,16,188,24869,0.048823118788,0.000405878512,72000,72000,500,1000,30,75020,70020,40000,66048,72060,12036,48036,72096,36024,0.1,0.2,0.3,0.4,0.5,0.6,0.7,0.8,0.9,1,1.1,1.2,1.3,1.4,1.5,702228,0.474689897063,0.000149917204,0.050531138787,0.422915498381,684460,0.000071407651,0.068096247299
300,14400,14400,10,2,6,200,0.15253172586,158400,2200,22,22,158400,66,0.044165922246,0.001529471675,0.397157722543,0.000522511565,0.014386877319,15004,14004,8000,11008,12010,2006,8006,12016,6004,0.147768632644,0.028024694125,14400,14400,200,6,10,0.326659742037,0.005907699569,85875,159,193,24579,0.048823042597,0.000406186805,72000,72000,500,1000,30,75020,70020,40000,66048,72060,12036,48036,72096,36024,0.1,0.2,0.3,0.4,0.5,0.6,0.7,0.8,0.9,1,1.1,1.2,1.3,1.4,1.5,702228,0.474787603825,0.000149932302,0.050565348291,0.422525657023,684460,0.000071593723,0.067993296142
306,14400,14400,10,2,6,200,0.152435314051,158400,2200,22,22,158400,66,0.044166301065,0.001529722811,0.397163448374,0.000522585244,0.014388638276,15004,14004,8000,11008,12010,2006,8006,12016,6004,0.147518311789,0.027910681572,14400,14400,200,6,10,0.06182217499,0.006192643697,86066,163,202,25739,0.04882304123,0.000406620542,72000,72000,500,1000,30,75020,70020,40000,66048,72060,12036,48036,72096,36024,0.1,0.2,0.3,0.4,0.5,0.6,0.7,0.8,0.9,1,1.1,1.2,1.3,1.4,1.5,702228,0.474578889566,0.000149962491,0.050536151298,0.422729039474,684460,0.000071556794,0.068030207565
312,14400,14400,10,2,6,200,0.152358565395,158400,2200,22,22,158400,66,0.044164868752,0.001530620884,0.397148320649,0.000522512195,0.014386883259,15004,14004,8000,11008,12010,2006,8006,12016,6004,0.148367635314,0.027827330577,14400,14400,200,6,10,0.062255569187,0.006315162756,87669,165,21,29089,0.048824348851,0.000406381464,72000,72000,500,1000,30,75020,70020,40000,66048,72060,12036,48036,72096,36024,0.1,0.2,0.3,0.4,0.5,0.6,0.7,0.8,0.9,1,1.1,1.2,1.3,1.4,1.5,702228,0.474633227283,0.000149909948,0.050537959759,0.423178461955,684460,0.000071685339,0.067941702823
318,14400,14400,10,2,6,200,0.152304619773,158400,2200,22,22,158400,66,0.044163999448,0.001530019483,0.397154080021,0.000522584615,0.01438865203,15004,14004,8000,11008,12010,2006,8006,12016,6004,0.14944550179,0.028260293425,14400,14400,200,6,10,0.062982138315,0.006165451795,85837,169,210,26383,0.048824784061,0.00040611606,72000,72000,500,1000,30,75020,70020,40000,66048,72060,12036,48036,72096,36024,0.1,0.2,0.3,0.4,0.5,0.6,0.7,0.8,0.9,1,1.1,1.2,1.3,1.4,1.5,702228,0.474695490002,0.000149973227,0.050555372941,0.422509641539,684460,0.00007116628,0.068148901032
324,14400,14400,10,2,6,200,0.152228566757,158400,2200,22,22,158400,66,0.044162632303,0.001530576745,0.397155915257,0.000522586528,0.01438865186,15004,14004,8000,11008,12010,2006,8006,12016,6004,0.1481217039,0.027698376219,14400,14400,200,6,10,0.063303155436,0.006385442423,85303,173,214,29959,0.048825626591,0.000406057643,72000,72000,500,1000,30,75020,70020,40000,66048,72060,12036,48036,72096,36024,0.1,0.2,0.3,0.4,0.5,0.6,0.7,0.8,0.9,1,1.1,1.2,1.3,1.4,1.5,702228,0.47463382811,0.000149904812,0.050524371529,0.422989076,684460,0.000071818494,0.068024866904
330,14400,14400,10,2,6,200,0.152350090092,158400,2200,22,22,158400,66,0.044160019691,0.001531159619,0.397154789543,0.000522585803,0.01438863387,15004,14004,8000,11008,12010,2006,8006,12016,6004,0.159033873518,0.027716267476,14400,14400,200,6,10,0.061166987499,0.006104064504,89807,18,223,29218,0.048825974271,0.000406260848,72000,72000,500,1000,30,75020,70020,40000,66048,72060,12036,48036,72096,36024,0.1,0.2,0.3,0.4,0.5,0.6,0.7,0.8,0.9,1,1.1,1.2,1.3,1.4,1.5,702228,0.474701569791,0.000149897492,0.05053815328,0.422835528549,684460,0.000071598081,0.068095578015
336,14400,14400,10,2,6,200,0.152305624779,158400,2200,22,22,158400,66,0.044161231243,0.001532700748,0.397161073501,0.000522585227,0.014388655811,15004,14004,8000,11008,12010,2006,8006,12016,6004,0.149815567227,0.028650394119,14400,14400,200,6,10,0.127790252625,0.006432715602,85112,179,228,22034,0.04882553233,0.000406477273,72000,72000,500,1000,30,75020,70020,40000,66048,72060,12036,48036,72096,36024,0.1,0.2,0.3,0.4,0.5,0.6,0.7,0.8,0.9,1,1.1,1.2,1.3,1.4,1.5,702228,0.474218215573,0.000149990957,0.05049717342,0.422331840262,684460,0.000071581206,0.068014825846
342,14400,14400,10,2,6,200,0.152211589079,158400,2200,22,22,158400,66,0.044159854476,0.001533068013,0.397160342499,0.000522511152,0.014386848666,15004,14004,8000,11008,12010,2006,8006,12016,6004,0.146851554184,0.027860507685,14400,14400,200,6,10,0.285665054802,0.005938308432,89120,182,231,27640,0.048826326957,0.000406359942,72000,72000,500,1000,30,75020,70020,40000,66048,72060,12036,48036,72096,36024,0.1,0.2,0.3,0.4,0.5,0.6,0.7,0.8,0.9,1,1.1,1.2,1.3,1.4,1.5,702228,0.474930937185,0.000149858233,0.050589354085,0.422907258838,684460,0.000071709221,0.068064475156
348,14400,14400,10,2,6,200,0.152152752449,158400,2200,22,22,158400,66,0.044158630709,0.001534201652,0.397155634615,0.000522511656,0.014386895632,15004,14004,8000,11008,12010,2006,8006,12016,6004,0.148740227931,0.027844927926,14280,14400,200,6,10,0.266981245333,0.005796960162,85227,186,237,27092,0.048826536427,0.000406565343,72000,72000,500,1000,30,75020,70020,40000,66048,72060,12036,48036,72096,36024,0.1,0.2,0.3,0.4,0.5,0.6,0.7,0.8,0.9,1,1.1,1.2,1.3,1.4,1.5,702228,0.474795380728,0.000149924089,0.050582183397,0.422677716275,684460,0.000071502237,0.068035737283
354,14400,14400,10,2,6,200,0.15232080755,158400,2200,22,22,158400,66,0.044159018452,0.001534289405,0.397156588381,0.000522512384,0.014386872026,15004,14004,8000,11008,12010,2006,8006,12016,6004,0.1622360585,0.029334504348,14520,14400,200,6,10,0.127145601312,0.006167644853,88738,188,25,25610,0.048826555121,0.000406678268,72000,72000,500,1000,30,75020,70020,40000,66048,72060,12036,48036,72096,36024,0.1,0.2,0.3,0.4,0.5,0.6,0.7,0.8,0.9,1,1.1,1.2,1.3,1.4,1.5,702228,0.474720434889,0.000149966025,0.050577656909,0.422461511844,684460,0.000071513653,0.068078697548
360,14400,14400,10,2,6,200,0.1522269818,158400,2200,22,22,158400,66,0.044159620045,0.001533893046,0.397140094018,0.000522511338,0.014386884814,15004,14004,8000,11008,12010,2006,8006,12016,6004,0.146597436779,0.027841598728,14400,14280,200,6,10,0.142104003736,0.005904914863,89349,191,253,26931,0.048827244593,0.000406603371,72000,72000,500,1000,30,75020,70020,40000,66048,72060,12036,48036,72096,36024,0.1,0.2,0.3,0.4,0.5,0.6,0.7,0.8,0.9,1,1.1,1.2,1.3,1.4,1.5,702228,0.475047260844,0.00014988817,0.050563751905,0.422989153374,684460,0.000071224523,0.068047201255
366,14400,14400,10,2,6,200,0.152357114844,158400,2200,22,22,158400,66,0.044161082228,0.001533182843,0.397144185693,0.000522439741,0.014385141049,15004,14004,8000,11008,12010,2006,8006,12016,6004,0.160295230536,0.028572647698,14400,14520,200,6,10,0.060750282236,0.006133264294,85990,20,254,26512,0.048827393705,0.000406419153,72000,72000,500,1000,30,75020,70020,40000,66048,72060,12036,48036,72096,36024,0.1,0.2,0.3,0.4,0.5,0.6,0.7,0.8,0.9,1,1.1,1.2,1.3,1.4,1.5,702228,0.474592453998,0.000149981259,0.050547144025,0.422620023943,684460,0.000071502395,0.068235390978
372,14400,14400,10,2,6,200,0.15228933413,158400,2200,22,22,158400,66,0.044160245006,0.001532334057,0.397153800133,0.000522511292,0.014386864461,15004,14004,8000,11008,12010,2006,8006,12016,6004,0.148086929882,0.028238829236,14400,14400,200,6,10,0.203706103347,0.006140846006,87173,198,258,28767,0.048827489275,0.000406234688,72000,72000,500,1000,30,75020,70020,40000,66048,72060,12036,48036,72096,36024,0.1,0.2,0.3,0.4,0.5,0.6,0.7,0.8,0.9,1,1.1,1.2,1.3,1.4,1.5,702228,0.474536555853,0.000149952306,0.050537137402,0.422563483436,684460,0.000071567013,0.068081738882
378,14400,14400,10,2,6,200,0.152361458233,158400,2200,22,22,158400,66,0.044159714612,0.001531948699,0.397150602652,0.000522584805,0.014388606304,15004,14004,8000,11008,12010,2006,8006,12016,6004,0.15690527672,0.027923843472,14400,14400,200,6,10,0.128699854833,0.005777875247,88089,21,27,27382,0.048828106409,0.000406482353,72000,72000,500,1000,30,75020,70020,40000,66048,72060,12036,48036,72096,36024,0.1,0.2,0.3,0.4,0.5,0.6,0.7,0.8,0.9,1,1.1,1.2,1.3,1.4,1.5,702228,0.474724486772,0.000149971231,0.050557819759,0.422901565619,684460,0.000071535919,0.068125145819
384,14400,14400,10,2,6,200,0.152306795677,158400,2200,22,22,158400,66,0.04415888137,0.001532515516,0.39715512389,0.000522584456,0.014388605671,15004,14004,8000,11008,12010,2006,8006,12016,6004,0.14880839211,0.02823321693,14400,14400,200,6,10,0.315549458456,0.005720714774,87288,204,272,28026,0.048828596131,0.000406733375,72000,72000,500,1000,30,75020,70020,40000,66048,72060,12036,48036,72096,36024,0.1,0.2,0.3,0.4,0.5,0.6,0.7,0.8,0.9,1,1.1,1.2,1.3,1.4,1.5,702228,0.474795763422,0.000149944593,0.050612397412,0.422998239331,684460,0.000071637089,0.068152729439
390,14400,14400,10,2,6,200,0.152269326489,158400,2200,22,22,158400,66,0.04416001458,0.00153382559,0.397159702392,0.00052258635,0.014388607788,15004,14004,8000,11008,12010,2006,8006,12016,6004,0.149833829217,0.02863979058,14400,14400,200,6,10,0.126604434082,0.006089014229,86410,207,278,24998,0.048828341364,0.000406820874,72000,72000,500,1000,30,75020,70020,40000,66048,72060,12036,48036,72096,36024,0.1,0.2,0.3,0.4,0.5,0.6,0.7,0.8,0.9,1,1.1,1.2,1.3,1.4,1.5,702228,0.474960092101,0.000149920976,0.050612696163,0.42240527161,684460,0.000071504512,0.068082403223
396,14400,14400,10,2,6,200,0.152235763085,158400,2200,22,22,158400,66,0.044159910774,0.001534061089,0.397161248874,0.000522585071,0.01438860269,15004,14004,8000,11008,12010,2006,8006,12016,6004,0.150020578462,0.028487804415,14400,14400,200,6,10,0.063367884348,0.006252850398,89959,210,285,24160,0.048828502487,0.000406753988,72000,72000,500,1000,30,75020,70020,40000,66048,72060,12036,48036,72096,36024,0.1,0.2,0.3,0.4,0.5,0.6,0.7,0.8,0.9,1,1.1,1.2,1.3,1.4,1.5,702228,0.474342630481,0.000149943318,0.050449554573,0.422624985843,684460,0.000071258429,0.068046332061
402,14400,14400,10,2,6,200,0.152149482822,158400,2200,22,22,158400,66,0.044162154218,0.001533779531,0.397167499167,0.000522585496,0.014388602704,15004,14004,8000,11008,12010,2006,8006,12016,6004,0.146368705163,0.027916091202,14400,14400,200,6,10,0.12556137836,0.005969552725,87097,215,285,22614,0.048828157817,0.000407087307,72000,72000,500,1000,30,75020,70020,40000,66048,72060,12036,48036,72096,36024,0.1,0.2,0.3,0.4,0.5,0.6,0.7,0.8,0.9,1,1.1,1.2,1.3,1.4,1.5,702228,0.474511479709,0.000149925979,0.050488134116,0.422621469113,684460,0.00007095245,0.068114269902
408,14400,14400,10,2,6,200,0.152074306561,158400,2200,22,22,158400,66,0.044159739402,0.001535212415,0.397171727262,0.000522511375,0.014386894636,15004,14004,8000,11008,12010,2006,8006,12016,6004,0.14696232083,0.027933814397,14400,14400,200,6,10,0.121474772857,0.006318927842,87364,217,294,30056,0.048828384361,0.000407173422,72000,72000,500,1000,30,75020,70020,40000,66048,72060,12036,48036,72096,36024,0.1,0.2,0.3,0.4,0.5,0.6,0.7,0.8,0.9,1,1.1,1.2,1.3,1.4,1.5,702228,0.474535495574,0.000149939413,0.050522634035,0.422668114729,684460,0.000071560227,0.068147809712
414,14400,14400,10,2,6,200,0.152145983102,158400,2200,22,22,158400,66,0.044161693075,0.00153522735,0.397169635469,0.000522511265,0.014386862262,15004,14004,8000,11008,12010,2006,8006,12016,6004,0.157091664424,0.028140098547,14400,14400,200,6,10,0.31182823676,0.006136914475,88089,22,296,25127,0.048829030865,0.000406977547,72000,72000,500,1000,30,75020,70020,40000,66048,72060,12036,48036,72096,36024,0.1,0.2,0.3,0.4,0.5,0.6,0.7,0.8,0.9,1,1.1,1.2,1.3,1.4,1.5,702228,0.474821504696,0.00014985334,0.050573167349,0.422974426827,684460,0.000071455693,0.068046809716
420,14400,14400,10,2,6,200,0.152378775849,158400,2200,22,22,158400,66,0.044161898339,0.001535498172,0.39715746486,0.00052251284,0.014386883821,15004,14004,8000,11008,12010,2006,8006,12016,6004,0.168674268176,0.028011050307,14280,14400,200,6,10,0.062035117989,0.006112060541,87135,224,300,25224,0.048829360426,0.000406973133,72000,72000,500,1000,30,75020,70020,40000,66048,72060,12036,48036,72096,36024,0.1,0.2,0.3,0.4,0.5,0.6,0.7,0.8,0.9,1,1.1,1.2,1.3,1.4,1.5,702228,0.474702072449,0.000149942039,0.05054814408,0.422752085403,684460,0.000071595667,0.06807404741
426,14400,14400,10,2,6,200,0.152488237118,158400,2200,22,22,158400,66,0.044160539187,0.001534384464,0.397145202314,0.000522511418,0.014386875853,15004,14004,8000,11008,12010,2006,8006,12016,6004,0.160259987172,0.028424582948,14520,14400,200,6,10,0.125168949159,0.006113988177,87631,227,306,25675,0.048828913053,0.000407084268,72000,72000,500,1000,30,75020,70020,40000,66048,72060,12036,48036,72096,36024,0.1,0.2,0.3,0.4,0.5,0.6,0.7,0.8,0.9,1,1.1,1.2,1.3,1.4,1.5,702228,0.475002156803,0.000149958711,0.050630767983,0.42241084867,684460,0.000071450859,0.06808462736
432,14400,14400,10,2,6,200,0.152391437734,158400,2200,22,22,158400,66,0.044160678375,0.001534212846,0.397158421564,0.000522586176,0.014388624009,15004,14004,8000,11008,12010,2006,8006,12016,6004,0.145421882144,0.027708688901,14400,14400,200,6,10,0.062089476356,0.006073923993,86028,24,310,25964,0.048829864887,0.000406974881,72000,72000,500,1000,30,75020,70020,40000,66048,72060,12036,48036,72096,36024,0.1,0.2,0.3,0.4,0.5,0.6,0.7,0.8,0.9,1,1.1,1.2,1.3,1.4,1.5,702228,0.475103149062,0.000149868627,0.050579414773,0.42307533084,684460,0.000071699184,0.068177858923
438,14400,14400,10,2,6,200,0.152395269409,158400,2200,22,22,158400,66,0.044159611761,0.001535109819,0.397162881515,0.000522586566,0.014388623541,15004,14004,8000,11008,12010,2006,8006,12016,6004,0.152674981615,0.028967516835,14400,14400,200,6,10,0.062136400268,0.006220315607,88204,233,319,24644,0.048829811034,0.000407707114,72000,72000,500,1000,30,75020,70020,40000,66048,72060,12036,48036,72096,36024,0.1,0.2,0.3,0.4,0.5,0.6,0.7,0.8,0.9,1,1.1,1.2,1.3,1.4,1.5,702228,0.474551207363,0.000150017692,0.050567416185,0.422922854158,684460,0.000071579254,0.068122036938
444,14400,14400,10,2,6,200,0.152335092868,158400,2200,22,22,158400,66,0.04415940797,0.001535345511,0.397166833672,0.00052258751,0.014388614386,15004,14004,8000,11008,12010,2006,8006,12016,6004,0.147882028877,0.028383550454,14400,14400,200,6,10,0.063952761901,0.006454033235,86562,236,324,27543,0.048830176374,0.0004077515,72000,72000,500,1000,30,75020,70020,40000,66048,72060,12036,48036,72096,36024,0.1,0.2,0.3,0.4,0.5,0.6,0.7,0.8,0.9,1,1.1,1.2,1.3,1.4,1.5,702228,0.47449811574,0.000149870914,0.05049270803,0.422730533231,684460,0.000071453282,0.068020236425
450,14400,14400,10,2,6,200,0.152288704908,158400,2200,22,22,158400,66,0.044158424243,0.001534251437,0.397170574936,0.000522585873,0.014388636884,15004,14004,8000,11008,12010,2006,8006,12016,6004,0.148809607932,0.028543516273,14400,14400,200,6,10,0.062105374926,0.006156840673,87746,240,330,27736,0.048830041533,0.000407701136,72000,72000,500,1000,30,75020,70020,40000,66048,72060,12036,48036,72096,36024,0.1,0.2,0.3,0.4,0.5,0.6,0.7,0.8,0.9,1,1.1,1.2,1.3,1.4,1.5,702228,0.474684419606,0.000149953959,0.050521088232,0.422441540198,684460,0.000071585224,0.068007418855
456,14400,14400,10,2,6,200,0.152243688619,158400,2200,22,22,158400,66,0.044157322786,0.001533739462,0.397163860744,0.000522511517,0.014386868819,15004,14004,8000,11008,12010,2006,8006,12016,6004,0.148822450609,0.028335387895,14400,14280,200,6,10,0.060995808243,0.00603481351,88013,243,340,27446,0.048830672904,0.000407503634,72000,72000,500,1000,30,75020,70020,40000,66048,72060,12036,48036,72096,36024,0.1,0.2,0.3,0.4,0.5,0.6,0.7,0.8,0.9,1,1.1,1.2,1.3,1.4,1.5,702228,0.474594230597,0.000149933559,0.050546521452,0.422877302589,684460,0.000071291675,0.068128532907
462,14400,14400,10,2,6,200,0.152334181086,158400,2200,22,22,158400,66,0.044156772936,0.001533964722,0.397159701563,0.000522585757,0.014388611885,15004,14004,8000,11008,12010,2006,8006,12016,6004,0.159302101041,0.02808510826,14400,14520,200,6,10,0.063256348583,0.006059106468,88165,246,338,27382,0.048830630843,0.000407901711,72000,72000,500,1000,30,75020,70020,40000,66048,72060,12036,48036,72096,36024,0.1,0.2,0.3,0.4,0.5,0.6,0.7,0.8,0.9,1,1.1,1.2,1.3,1.4,1.5,702228,0.475151485015,0.000149955702,0.050622676785,0.422767034829,684460,0.000071198167,0.068158351819
468,14400,14400,10,2,6,200,0.152428038537,158400,2200,22,22,158400,66,0.044158287979,0.001534482153,0.39716451036,0.000522585572,0.014388617597,15004,14004,8000,11008,12010,2006,8006,12016,6004,0.159748919771,0.028666721524,14400,14400,200,6,10,0.061599361104,0.006165976225,86715,250,348,25900,0.04883086504,0.000407949747,72000,72000,500,1000,30,75020,70020,40000,66048,72060,12036,48036,72096,36024,0.1,0.2,0.3,0.4,0.5,0.6,0.7,0.8,0.9,1,1.1,1.2,1.3,1.4,1.5,702228,0.474755497467,0.000150026603,0.050568013632,0.422816674884,684460,0.000071726466,0.067957774589
474,14400,14400,10,2,6,200,0.152388914816,158400,2200,22,22,158400,66,0.04415888179,0.001533986349,0.397165514981,0.000522584622,0.014388608521,15004,14004,8000,11008,12010,2006,8006,12016,6004,0.149298140843,0.028020877583,14400,14400,200,6,10,0.142709653756,0.006071204267,87707,252,1,24418,0.048830821646,0.000407974591,72000,72000,500,1000,30,75020,70020,40000,66048,72060,12036,48036,72096,36024,0.1,0.2,0.3,0.4,0.5,0.6,0.7,0.8,0.9,1,1.1,1.2,1.3,1.4,1.5,702228,0.474834153558,0.000149939579,0.050623487211,0.422359827758,684460,0.000071473027,0.068210368594
480,14400,14400,10,2,6,200,0.15234677188,158400,2200,22,22,158400,66,0.044160307841,0.001533784837,0.397168049551,0.000522584567,0.014388613611,15004,14004,8000,11008,12010,2006,8006,12016,6004,0.148975336944,0.028098347335,14400,14400,200,6,10,0.125127825161,0.006317362424,86410,256,352,24322,0.048830537205,0.000408276819,72000,72000,500,1000,30,75020,70020,40000,66048,72060,12036,48036,72096,36024,0.1,0.2,0.3,0.4,0.5,0.6,0.7,0.8,0.9,1,1.1,1.2,1.3,1.4,1.5,702228,0.474739266854,0.000149970966,0.050556117145,0.422679723897,684460,0.000071466934,0.06807364121
486,14400,14400,10,2,6,200,0.152390416144,158400,2200,22,22,158400,66,0.044161482036,0.001534536324,0.39717449265,0.000522585913,0.014388628624,15004,14004,8000,11008,12010,2006,8006,12016,6004,0.155925601555,0.027521475941,14400,14400,200,6,10,0.062780501104,0.006304764413,87555,259,359,29443,0.048831160422,0.000408191004,72000,72000,500,1000,30,75020,70020,40000,66048,72060,12036,48036,72096,36024,0.1,0.2,0.3,0.4,0.5,0.6,0.7,0.8,0.9,1,1.1,1.2,1.3,1.4,1.5,702228,0.474776001744,0.000149887549,0.050577509108,0.42319558499,684460,0.000071556928,0.068063062495
492,14400,14400,10,2,6,200,0.152477596283,158400,2200,22,22,158400,66,0.044159709728,0.001535788998,0.397177380703,0.00052258531,0.014388631533,15004,14004,8000,11008,12010,2006,8006,12016,6004,0.159626367724,0.028028080185,14400,14400,200,6,10,0.063459989539,0.006208794344,87249,262,371,26126,0.048830754314,0.000408354444,72000,72000,500,1000,30,75020,70020,40000,66048,72060,12036,48036,72096,36024,0.1,0.2,0.3,0.4,0.5,0.6,0.7,0.8,0.9,1,1.1,1.2,1.3,1.4,1.5,702228,0.474853212983,0.000149938459,0.05057495935,0.42232518969,684460,0.000071442042,0.068116732143
498,14400,14400,10,2,6,200,0.152430786846,158400,2200,22,22,158400,66,0.044157916103,0.001536942676,0.397173568097,0.00052258495,0.014388619799,15004,14004,8000,11008,12010,2006,8006,12016,6004,0.148545603554,0.028244696875,14400,14400,200,6,10,0.06138376357,0.006122819497,85837,266,372,25964,0.048831169825,0.000408085866,72000,72000,500,1000,30,75020,70020,40000,66048,72060,12036,48036,72096,36024,0.1,0.2,0.3,0.4,0.5,0.6,0.7,0.8,0.9,1,1.1,1.2,1.3,1.4,1.5,702228,0.474637426062,0.000149936921,0.050532225238,0.422581469161,684460,0.000071227774,0.068133402995
504,14400,14400,10,2,6,200,0.15241303242,158400,2200,22,22,158400,66,0.044158326126,0.001536948025,0.39717906252,0.000522512022,0.014386883872,15004,14004,8000,11008,12010,2006,8006,12016,6004,0.150921660634,0.028757448573,14400,14280,200,6,10,0.062070333241,0.006161203149,87898,269,38,27027,0.048831453389,0.000407860361,72000,72000,500,1000,30,75020,70020,40000,66048,72060,12036,48036,72096,36024,0.1,0.2,0.3,0.4,0.5,0.6,0.7,0.8,0.9,1,1.1,1.2,1.3,1.4,1.5,702228,0.474606683237,0.000149964831,0.050545847028,0.422676070752,684460,0.000071783651,0.068024266363
510,14400,14400,10,2,6,200,0.152502199168,158400,2200,22,22,158400,66,0.044159252835,0.001538064104,0.397181042152,0.000522510276,0.014386873543,15004,14004,8000,11008,12010,2006,8006,12016,6004,0.160081372727,0.02854565495,14400,14520,200,6,10,0.060942423205,0.006016902558,86677,273,384,23420,0.04883189966,0.000407727464,72000,72000,500,1000,30,75020,70020,40000,66048,72060,12036,48036,72096,36024,0.1,0.2,0.3,0.4,0.5,0.6,0.7,0.8,0.9,1,1.1,1.2,1.3,1.4,1.5,702228,0.474623584675,0.000149936052,0.050519251788,0.422776958929,684460,0.000071584236,0.068073797715
516,14400,14400,10,2,6,200,0.152464937691,158400,2200,22,22,158400,66,0.044159282894,0.001537549908,0.397181753985,0.000522511828,0.01438688149,15004,14004,8000,11008,12010,2006,8006,12016,6004,0.14926045072,0.028297978044,14400,14400,200,6,10,0.062893316856,0.006246990233,84120,276,392,24547,0.048832707063,0.00040754231,72000,72000,500,1000,30,75020,70020,40000,66048,72060,12036,48036,72096,36024,0.1,0.2,0.3,0.4,0.5,0.6,0.7,0.8,0.9,1,1.1,1.2,1.3,1.4,1.5,702228,0.474695063356,0.000149994819,0.05055976295,0.423094679362,684460,0.000071636482,0.068087195566
522,14400,14400,10,2,6,200,0.152533140907,158400,2200,22,22,158400,66,0.044159459835,0.001537394465,0.397185401878,0.000522512014,0.014386863532,15004,14004,8000,11008,12010,2006,8006,12016,6004,0.158466820666,0.028760275605,14400,14400,200,6,10,0.062606191381,0.006122196198,86562,279,399,26061,0.048832287811,0.000407651493,72000,72000,500,1000,30,75020,70020,40000,66048,72060,12036,48036,72096,36024,0.1,0.2,0.3,0.4,0.5,0.6,0.7,0.8,0.9,1,1.1,1.2,1.3,1.4,1.5,702228,0.474458148927,0.000149900259,0.050490514987,0.422393641076,684460,0.000071179439,0.068089357191
528,14400,14400,10,2,6,200,0.152459066443,158400,2200,22,22,158400,66,0.044158748072,0.001536789448,0.397173749026,0.000522439646,0.014385146422,15004,14004,8000,11008,12010,2006,8006,12016,6004,0.145940513626,0.02769653633,14400,14400,200,6,10,0.064111825069,0.006345524358,85914,282,401,29605,0.048833014741,0.000407458629,72000,72000,500,1000,30,75020,70020,40000,66048,72060,12036,48036,72096,36024,0.1,0.2,0.3,0.4,0.5,0.6,0.7,0.8,0.9,1,1.1,1.2,1.3,1.4,1.5,702228,0.474626333794,0.000149944427,0.050541628653,0.423121631886,684460,0.000071266729,0.068106313952
534,14400,14400,10,2,6,200,0.152412377889,158400,2200,22,22,158400,66,0.04415992293,0.001537238833,0.397182541014,0.000522513081,0.014386869257,15004,14004,8000,11008,12010,2006,8006,12016,6004,0.14825709652,0.028211329224,14400,14280,200,6,10,0.061879969655,0.006285959056,85723,285,406,30474,0.048833396661,0.000407417363,72000,72000,500,1000,30,75020,70020,40000,66048,72060,12036,48036,72096,36024,0.1,0.2,0.3,0.4,0.5,0.6,0.7,0.8,0.9,1,1.1,1.2,1.3,1.4,1.5,702228,0.47480355651,0.000149920947,0.050533209527,0.422975111548,684460,0.000071425411,0.068113174421
540,14400,14400,10,2,6,200,0.152578783775,158400,2200,22,22,158400,66,0.044160256469,0.001537800127,0.39719166483,0.000522587544,0.014388647082,15004,14004,8000,11008,12010,2006,8006,12016,6004,0.167555313584,0.027769960742,14400,14520,200,6,10,0.145261781806,0.006304009678,87593,288,398,29089,0.048833253009,0.000407366212,72000,72000,500,1000,30,75020,70020,40000,66048,72060,12036,48036,72096,36024,0.1,0.2,0.3,0.4,0.5,0.6,0.7,0.8,0.9,1,1.1,1.2,1.3,1.4,1.5,702228,0.474460618802,0.000149962597,0.050525679856,0.422502790032,684460,0.000071213527,0.068164810096
546,14400,14400,10,2,6,200,0.15253979538,158400,2200,22,22,158400,66,0.044158639939,0.001537933217,0.397193567106,0.000522586353,0.014388628986,15004,14004,8000,11008,12010,2006,8006,12016,6004,0.148991851424,0.028262636068,14400,14400,200,6,10,0.062854434207,0.006325418308,84311,292,383,28928,0.048833801425,0.000407572376,72000,72000,500,1000,30,75020,70020,40000,66048,72060,12036,48036,72096,36024,0.1,0.2,0.3,0.4,0.5,0.6,0.7,0.8,0.9,1,1.1,1.2,1.3,1.4,1.5,702228,0.474713319041,0.000149925701,0.050536977993,0.423386704375,684460,0.000071548908,0.067953886785
552,14400,14400,10,2,6,200,0.152480793361,158400,2200,22,22,158400,66,0.04415862157,0.001537604258,0.397186367129,0.000522512146,0.014386871829,15004,14004,8000,11008,12010,2006,8006,12016,6004,0.147052607548,0.027775430786,14400,14400,200,6,10,0.063606729281,0.006428462975,89081,295,396,26319,0.048833807141,0.000407405464,72000,72000,500,1000,30,75020,70020,40000,66048,72060,12036,48036,72096,36024,0.1,0.2,0.3,0.4,0.5,0.6,0.7,0.8,0.9,1,1.1,1.2,1.3,1.4,1.5,702228,0.474473322648,0.00014991598,0.050506756213,0.422534678653,684460,0.000071391179,0.068078994782
558,14400,14400,10,2,6,200,0.152431694211,158400,2200,22,22,158400,66,0.044157995396,0.00153782016,0.397190440687,0.000522585099,0.014388619807,15004,14004,8000,11008,12010,2006,8006,12016,6004,0.147865473344,0.027988300927,14400,14400,200,6,10,0.062407041451,0.006191264953,89158,298,405,25449,0.048834317256,0.000407416779,72000,72000,500,1000,30,75020,70020,40000,66048,72060,12036,48036,72096,36024,0.1,0.2,0.3,0.4,0.5,0.6,0.7,0.8,0.9,1,1.1,1.2,1.3,1.4,1.5,702228,0.474844013154,0.000149961109,0.050628813444,0.423090495701,684460,0.000071707504,0.068083192774
564,14400,14400,10,2,6,200,0.15238341228,158400,2200,22,22,158400,66,0.044159016879,0.001539923699,0.397192437786,0.000522586262,0.014388629172,15004,14004,8000,11008,12010,2006,8006,12016,6004,0.147844910752,0.02801931532,14400,14400,200,6,10,0.062061249968,0.006154101971,86219,302,408,27060,0.048834323887,0.00040731356,72000,72000,500,1000,30,75020,70020,40000,66048,72060,12036,48036,72096,36024,0.1,0.2,0.3,0.4,0.5,0.6,0.7,0.8,0.9,1,1.1,1.2,1.3,1.4,1.5,702228,0.475154998954,0.000149910599,0.050620742054,0.422599856367,684460,0.000071180626,0.068029170179
570,14400,14400,10,2,6,200,0.152351092904,158400,2200,22,22,158400,66,0.044159092849,0.001539785981,0.397190959775,0.00052258445,0.014388630159,15004,14004,8000,11008,12010,2006,8006,12016,6004,0.149280752114,0.028438177266,14400,14400,200,6,10,0.063935325169,0.006440432258,86257,304,408,29637,0.048834250516,0.000407048982,72000,72000,500,1000,30,75020,70020,40000,66048,72060,12036,48036,72096,36024,0.1,0.2,0.3,0.4,0.5,0.6,0.7,0.8,0.9,1,1.1,1.2,1.3,1.4,1.5,702228,0.474563222581,0.000149906238,0.050544865328,0.422517355953,684460,0.000071466401,0.068173333666
576,14400,14400,10,2,6,200,0.152432591993,158400,2200,22,22,158400,66,0.044157959337,0.001539678642,0.397178865302,0.000522512356,0.014386892999,15004,14004,8000,11008,12010,2006,8006,12016,6004,0.160256504571,0.028355619787,14400,14400,200,6,10,0.065119674116,0.006626411874,87135,308,415,30152,0.048833880077,0.000407114012,72000,72000,500,1000,30,75020,70020,40000,66048,72060,12036,48036,72096,36024,0.1,0.2,0.3,0.4,0.5,0.6,0.7,0.8,0.9,1,1.1,1.2,1.3,1.4,1.5,702228,0.474424104423,0.000149970934,0.050484000094,0.422318497514,684460,0.000071414762,0.068143326345
582,14400,14400,10,2,6,200,0.152423531291,158400,2200,22,22,158400,66,0.04415807564,0.0015395117,0.397176851462,0.000522584674,0.014388620139,15004,14004,8000,11008,12010,2006,8006,12016,6004,0.15154464318,0.028792370471,14400,14400,200,6,10,0.142928418486,0.006002699688,87364,311,419,27962,0.048833847776,0.000407216117,72000,72000,500,1000,30,75020,70020,40000,66048,72060,12036,48036,72096,36024,0.1,0.2,0.3,0.4,0.5,0.6,0.7,0.8,0.9,1,1.1,1.2,1.3,1.4,1.5,702228,0.474954397591,0.000149946201,0.050590802404,0.422694803294,684460,0.000071197718,0.068080727245
588,14400,14400,10,2,6,200,0.152392011695,158400,2200,22,22,158400,66,0.044158870415,0.001538869073,0.397177584867,0.00052258486,0.014388643444,15004,14004,8000,11008,12010,2006,8006,12016,6004,0.14930309129,0.028288043094,14400,14400,200,6,10,0.062384291467,0.006235177965,87288,314,418,25868,0.048833934438,0.000407103442,72000,72000,500,1000,30,75020,70020,40000,66048,72060,12036,48036,72096,36024,0.1,0.2,0.3,0.4,0.5,0.6,0.7,0.8,0.9,1,1.1,1.2,1.3,1.4,1.5,702228,0.474312951066,0.000149954469,0.050493327576,0.422591246127,684460,0.000071583015,0.068061809978
594,14400,14400,10,2,6,200,0.152457364128,158400,2200,22,22,158400,66,0.044158642696,0.001539330771,0.397183999557,0.000522584549,0.01438862307,15004,14004,8000,11008,12010,2006,8006,12016,6004,0.158927254988,0.028060186359,14400,14400,200,6,10,0.061325590014,0.006076627949,86486,318,437,27833,0.048833888983,0.00040730658,72000,72000,500,1000,30,75020,70020,40000,66048,72060,12036,48036,72096,36024,0.1,0.2,0.3,0.4,0.5,0.6,0.7,0.8,0.9,1,1.1,1.2,1.3,1.4,1.5,702228,0.47475527332,0.000149884285,0.050563863554,0.422749136974,684460,0.000071568704,0.06818371547
